Keyword,Currency,Segmentation,Avg. monthly searches,Three month change,YoY change,Competition,Competition (indexed value),Top of page bid (low range),Top of page bid (high range),Ad impression share,Organic average position,Organic impression share,In Account,Searches: Apr 2025,Searches: May 2025,Searches: Jun 2025,Searches: Jul 2025,Searches: Aug 2025,Searches: Sep 2025,Searches: Oct 2025,Searches: Nov 2025,Searches: Dec 2025,Searches: Jan 2026,Searches: Feb 2026,Searches: Mar 2026
budget calculator,EUR,,50000.0,0%,0%,Low,19,1.25,3.90,,,,,,,,,,,,,,,,
budget planner,EUR,,50000.0,0%,0%,High,100,1.37,5.35,,,,,,,,,,,,,,,,
coast fire calculator,EUR,,50000.0,0%,0%,Low,8,1.15,3.04,,,,,,,,,,,,,,,,
financial ledger,EUR,,50000.0,0%,0%,Low,11,0.85,23.62,,,,,,,,,,,,,,,,
fire calculator,EUR,,50000.0,0%,0%,Low,21,0.64,2.61,,,,,,,,,,,,,,,,
retirement financial planning,EUR,,50000.0,900%,900%,Low,3,5.09,23.79,,,,,,,,,,,,,,,,
barista fire,EUR,,5000.0,0%,0%,Low,0,,,,,,,,,,,,,,,,,,
barista fire calculator,EUR,,5000.0,0%,0%,Low,2,1.43,5.20,,,,,,,,,,,,,,,,
budget management,EUR,,5000.0,900%,0%,Low,20,2.72,11.11,,,,,,,,,,,,,,,,
budget planning app,EUR,,5000.0,0%,0%,Low,32,1.57,6.16,,,,,,,,,,,,,,,,
budget planning online,EUR,,5000.0,-90%,-90%,Medium,57,2.36,7.54,,,,,,,,,,,,,,,,
budget tracker,EUR,,5000.0,0%,0%,High,100,2.47,10.19,,,,,,,,,,,,,,,,
budgeting for beginners,EUR,,5000.0,0%,0%,High,85,1.69,6.77,,,,,,,,,,,,,,,,
budgeting tips,EUR,,5000.0,0%,0%,Low,11,1.06,5.05,,,,,,,,,,,,,,,,
cash flow calculator,EUR,,5000.0,0%,0%,Low,17,1.33,4.80,,,,,,,,,,,,,,,,
coast fire,EUR,,5000.0,-90%,0%,Low,4,1.39,4.34,,,,,,,,,,,,,,,,
expense management,EUR,,5000.0,900%,0%,Low,29,10.25,41.44,,,,,,,,,,,,,,,,
expense tracker,EUR,,5000.0,0%,0%,High,98,4.82,18.33,,,,,,,,,,,,,,,,
financial planning tool,EUR,,5000.0,900%,0%,Low,6,4.47,19.65,,,,,,,,,,,,,,,,
financial wellness,EUR,,5000.0,0%,0%,Low,14,4.48,12.16,,,,,,,,,,,,,,,,
fire number calculator,EUR,,5000.0,0%,0%,Low,28,0.11,2.27,,,,,,,,,,,,,,,,
fire retire early,EUR,,5000.0,0%,0%,Low,13,0.11,4.27,,,,,,,,,,,,,,,,
fire retirement calculator,EUR,,5000.0,0%,0%,Medium,34,1.05,3.07,,,,,,,,,,,,,,,,
monthly budget planner,EUR,,5000.0,0%,0%,Medium,62,1.36,5.05,,,,,,,,,,,,,,,,
personal finance planner,EUR,,5000.0,0%,0%,Low,7,4.67,13.83,,,,,,,,,,,,,,,,
retirement drawdown calculator,EUR,,5000.0,0%,0%,Medium,38,0.50,2.77,,,,,,,,,,,,,,,,
retirement finance calculator,EUR,,5000.0,0%,0%,Medium,54,1.18,4.11,,,,,,,,,,,,,,,,
retirement income calculator,EUR,,5000.0,0%,0%,Low,33,0.91,3.32,,,,,,,,,,,,,,,,
retirement income planning,EUR,,5000.0,900%,0%,Low,9,3.01,10.68,,,,,,,,,,,,,,,,
retirement planning calculator,EUR,,5000.0,0%,0%,Low,31,1.35,5.32,,,,,,,,,,,,,,,,
retirement spending calculator,EUR,,5000.0,0%,0%,Medium,40,0.48,2.67,,,,,,,,,,,,,,,,
retirement withdrawal calculator,EUR,,5000.0,0%,0%,Low,25,0.15,1.86,,,,,,,,,,,,,,,,
safe withdrawal rate,EUR,,5000.0,-90%,-90%,Low,6,0.31,2.64,,,,,,,,,,,,,,,,
savings goal calculator,EUR,,5000.0,0%,0%,Low,7,1.25,3.72,,,,,,,,,,,,,,,,
budget dashboard,EUR,,500.0,0%,0%,High,96,2.87,9.46,,,,,,,,,,,,,,,,
budget goals,EUR,,500.0,0%,0%,Low,6,1.91,5.26,,,,,,,,,,,,,,,,
budget organizer,EUR,,500.0,0%,0%,High,100,1.49,6.04,,,,,,,,,,,,,,,,
budgeting online tool,EUR,,500.0,0%,0%,Medium,48,3.34,11.22,,,,,,,,,,,,,,,,
coast fire retirement calculator,EUR,,500.0,0%,0%,Low,15,1.04,3.32,,,,,,,,,,,,,,,,
digital budget planner,EUR,,500.0,0%,0%,High,100,1.07,6.02,,,,,,,,,,,,,,,,
family budget calculator,EUR,,500.0,0%,0%,Low,6,0.15,3.12,,,,,,,,,,,,,,,,
financial ledger template,EUR,,500.0,0%,0%,High,99,2.99,16.98,,,,,,,,,,,,,,,,
financial organization,EUR,,500.0,0%,0%,Low,15,2.79,9.74,,,,,,,,,,,,,,,,
fire financial planning,EUR,,500.0,0%,0%,Low,23,1.35,9.15,,,,,,,,,,,,,,,,
fire investing strategy,EUR,,500.0,0%,0%,Low,12,0.03,6.23,,,,,,,,,,,,,,,,
fire retirement planning,EUR,,500.0,0%,0%,Low,17,0.94,4.48,,,,,,,,,,,,,,,,
flamingo fire,EUR,,500.0,0%,0%,Low,0,,,,,,,,,,,,,,,,,,
income and expense tracker,EUR,,500.0,-90%,-90%,High,100,3.01,16.98,,,,,,,,,,,,,,,,
money management tool,EUR,,500.0,0%,0%,Medium,51,4.63,11.58,,,,,,,,,,,,,,,,
money saving planner,EUR,,500.0,0%,0%,High,83,2.00,8.35,,,,,,,,,,,,,,,,
monthly cash flow,EUR,,500.0,0%,0%,Low,7,3.18,14.56,,,,,,,,,,,,,,,,
monthly expenses calculator,EUR,,500.0,0%,0%,Low,28,1.23,4.19,,,,,,,,,,,,,,,,
monthly spending tracker,EUR,,500.0,0%,0%,High,100,1.90,9.91,,,,,,,,,,,,,,,,
personal budget calculator,EUR,,500.0,0%,-90%,Low,20,1.58,5.65,,,,,,,,,,,,,,,,
personal finance calculator,EUR,,500.0,0%,0%,Low,8,1.31,3.74,,,,,,,,,,,,,,,,
retirement budget planning,EUR,,500.0,0%,0%,Medium,39,1.26,6.03,,,,,,,,,,,,,,,,
retirement drawdown strategy,EUR,,500.0,-90%,-90%,Medium,36,0.67,4.32,,,,,,,,,,,,,,,,
retirement income strategy,EUR,,500.0,0%,-90%,Low,20,1.59,6.90,,,,,,,,,,,,,,,,
retirement investment planning,EUR,,500.0,0%,-90%,Low,20,3.62,12.74,,,,,,,,,,,,,,,,
retirement money management,EUR,,500.0,-90%,-90%,Medium,45,1.84,9.61,,,,,,,,,,,,,,,,
retirement passive income,EUR,,500.0,0%,0%,Low,29,0.36,3.20,,,,,,,,,,,,,,,,
retirement planning online,EUR,,500.0,0%,0%,Low,23,3.99,13.32,,,,,,,,,,,,,,,,
retirement withdrawal rate,EUR,,500.0,0%,0%,Low,20,0.27,2.76,,,,,,,,,,,,,,,,
retirement withdrawal strategy,EUR,,500.0,-90%,-90%,Medium,36,0.67,4.32,,,,,,,,,,,,,,,,
retirement withdrawal strategy calculator,EUR,,500.0,0%,0%,Medium,60,1.03,3.89,,,,,,,,,,,,,,,,
simple budget calculator,EUR,,500.0,0%,0%,Low,26,1.31,3.97,,,,,,,,,,,,,,,,
4 percent withdrawal rule,EUR,,50.0,0%,0%,Low,12,0.02,1.60,,,,,,,,,,,,,,,,
budget planning calculator,EUR,,50.0,0%,0%,Medium,43,1.70,7.22,,,,,,,,,,,,,,,,
coast fire calculator free,EUR,,50.0,∞,∞,Medium,38,0.11,2.60,,,,,,,,,,,,,,,,
coast fire financial independence,EUR,,50.0,0%,0%,Low,4,,,,,,,,,,,,,,,,,,
fire 4 percent rule,EUR,,50.0,0%,0%,Low,2,,,,,,,,,,,,,,,,,,
fire budget calculator,EUR,,50.0,0%,0%,Medium,47,0.89,2.35,,,,,,,,,,,,,,,,
fire calculator free,EUR,,50.0,∞,∞,Medium,46,0.90,2.80,,,,,,,,,,,,,,,,
fire calculator online,EUR,,50.0,0%,∞,Medium,54,0.13,2.41,,,,,,,,,,,,,,,,
fire early retirement calculator,EUR,,50.0,0%,0%,Low,25,1.07,2.84,,,,,,,,,,,,,,,,
fire financial freedom,EUR,,50.0,0%,0%,Low,10,,,,,,,,,,,,,,,,,,
fire financial goals,EUR,,50.0,0%,0%,Low,14,,,,,,,,,,,,,,,,,,
fire financial independence calculator,EUR,,50.0,0%,0%,Medium,40,0.14,1.89,,,,,,,,,,,,,,,,
fire frugal living,EUR,,50.0,0%,0%,Low,0,,,,,,,,,,,,,,,,,,
fire investment calculator,EUR,,50.0,0%,0%,Low,22,0.10,1.96,,,,,,,,,,,,,,,,
fire net worth calculator,EUR,,50.0,0%,0%,Low,29,,,,,,,,,,,,,,,,,,
fire personal finance,EUR,,50.0,0%,0%,Low,10,0.41,5.63,,,,,,,,,,,,,,,,
fire savings calculator,EUR,,50.0,0%,0%,Low,24,1.05,2.92,,,,,,,,,,,,,,,,
fire wealth building,EUR,,50.0,0%,-100%,,,,,,,,,,,,,,,,,,,,
fire withdrawal strategy,EUR,,50.0,0%,0%,Low,9,,,,,,,,,,,,,,,,,,
flamingo fire calculator,EUR,,50.0,0%,0%,Low,5,,,,,,,,,,,,,,,,,,
household budget planner,EUR,,50.0,0%,-90%,High,88,0.64,4.17,,,,,,,,,,,,,,,,
minimalist budget planner,EUR,,50.0,0%,0%,Medium,64,,,,,,,,,,,,,,,,,,
retirement cash flow,EUR,,50.0,0%,-90%,Low,32,1.71,7.14,,,,,,,,,,,,,,,,
retirement portfolio strategy,EUR,,50.0,0%,0%,Low,31,1.87,6.02,,,,,,,,,,,,,,,,
retirement savings withdrawal,EUR,,50.0,0%,0%,Low,10,0.32,3.52,,,,,,,,,,,,,,,,
retirement spending strategy,EUR,,50.0,0%,0%,Medium,38,0.87,5.01,,,,,,,,,,,,,,,,
retirement wealth planning,EUR,,50.0,0%,0%,Low,10,6.26,29.15,,,,,,,,,,,,,,,,
simple budgeting tool,EUR,,50.0,0%,0%,High,69,1.87,7.83,,,,,,,,,,,,,,,,
simple finance tracker,EUR,,50.0,0%,0%,High,94,3.00,12.18,,,,,,,,,,,,,,,,
simple money tracker,EUR,,50.0,0%,0%,Medium,51,1.95,6.74,,,,,,,,,,,,,,,,
barista fire budget planner,EUR,,,,,,,,,,,,,,,,,,,,,,,,
barista fire calculator free,EUR,,,,,,,,,,,,,,,,,,,,,,,,
barista fire calculator online,EUR,,,,,,,,,,,,,,,,,,,,,,,,
barista fire cash flow,EUR,,,,,,,,,,,,,,,,,,,,,,,,
barista fire early retirement,EUR,,,,,,,,,,,,,,,,,,,,,,,,
barista fire financial freedom,EUR,,,,,,,,,,,,,,,,,,,,,,,,
barista fire financial goals,EUR,,,,,,,,,,,,,,,,,,,,,,,,
barista fire financial independence,EUR,,,,,,,,,,,,,,,,,,,,,,,,
barista fire financial planning,EUR,,,,,,,,,,,,,,,,,,,,,,,,
barista fire frugal living,EUR,,,,,,,,,,,,,,,,,,,,,,,,
barista fire future value,EUR,,,,,,,,,,,,,,,,,,,,,,,,
barista fire income planning,EUR,,,,,,,,,,,,,,,,,,,,,,,,
barista fire investing,EUR,,,,,,,,,,,,,,,,,,,,,,,,
barista fire investment calculator,EUR,,,,,,,,,,,,,,,,,,,,,,,,
barista fire investment growth,EUR,,,,,,,,,,,,,,,,,,,,,,,,
barista fire lifestyle,EUR,,,,,,,,,,,,,,,,,,,,,,,,
barista fire money goals,EUR,,,,,,,,,,,,,,,,,,,,,,,,
barista fire monthly expenses,EUR,,,,,,,,,,,,,,,,,,,,,,,,
barista fire net worth planning,EUR,,,,,,,,,,,,,,,,,,,,,,,,
barista fire online calculator,EUR,,,,,,,,,,,,,,,,,,,,,,,,
barista fire passive income,EUR,,,,,,,,,,,,,,,,,,,,,,,,
barista fire personal finance,EUR,,,,,,,,,,,,,,,,,,,,,,,,
barista fire planning tool,EUR,,,,,,,,,,,,,,,,,,,,,,,,
barista fire portfolio planning,EUR,,,,,,,,,,,,,,,,,,,,,,,,
barista fire retirement calculator,EUR,,,,,,,,,,,,,,,,,,,,,,,,
barista fire retirement income,EUR,,,,,,,,,,,,,,,,,,,,,,,,
barista fire retirement planning,EUR,,,,,,,,,,,,,,,,,,,,,,,,
barista fire roadmap,EUR,,,,,,,,,,,,,,,,,,,,,,,,
barista fire savings calculator,EUR,,,,,,,,,,,,,,,,,,,,,,,,
barista fire side hustle,EUR,,,,,,,,,,,,,,,,,,,,,,,,
barista fire strategy,EUR,,,,,,,,,,,,,,,,,,,,,,,,
barista fire wealth building,EUR,,,,,,,,,,,,,,,,,,,,,,,,
barista fire work optional,EUR,,,,,,,,,,,,,,,,,,,,,,,,
budget spreadsheet alternative,EUR,,,,,,,,,,,,,,,,,,,,,,,,
budget template alternative,EUR,,,,,,,,,,,,,,,,,,,,,,,,
coast fire budgeting,EUR,,,,,,,,,,,,,,,,,,,,,,,,
coast fire compound interest,EUR,,,,,,,,,,,,,,,,,,,,,,,,
coast fire early retirement,EUR,,,,,,,,,,,,,,,,,,,,,,,,
coast fire expense tracking,EUR,,,,,,,,,,,,,,,,,,,,,,,,
coast fire financial calculator,EUR,,,,,,,,,,,,,,,,,,,,,,,,
coast fire financial freedom,EUR,,,,,,,,,,,,,,,,,,,,,,,,
coast fire financial planning,EUR,,,,,,,,,,,,,,,,,,,,,,,,
coast fire frugal living,EUR,,,,,,,,,,,,,,,,,,,,,,,,
coast fire future value,EUR,,,,,,,,,,,,,,,,,,,,,,,,
coast fire index fund investing,EUR,,,,,,,,,,,,,,,,,,,,,,,,
coast fire investing strategy,EUR,,,,,,,,,,,,,,,,,,,,,,,,
coast fire investment calculator,EUR,,,,,,,,,,,,,,,,,,,,,,,,
coast fire investment growth,EUR,,,,,,,,,,,,,,,,,,,,,,,,
coast fire investment planning,EUR,,,,,,,,,,,,,,,,,,,,,,,,
coast fire long term investing,EUR,,,,,,,,,,,,,,,,,,,,,,,,
coast fire money goals,EUR,,,,,,,,,,,,,,,,,,,,,,,,
coast fire monthly investing,EUR,,,,,,,,,,,,,,,,,,,,,,,,
coast fire net worth goals,EUR,,,,,,,,,,,,,,,,,,,,,,,,
coast fire online calculator,EUR,,,,,,,,,,,,,,,,,,,,,,,,
coast fire passive income,EUR,,,,,,,,,,,,,,,,,,,,,,,,
coast fire personal finance,EUR,,,,,,,,,,,,,,,,,,,,,,,,
coast fire planning tool,EUR,,,,,,,,,,,,,,,,,,,,,,,,
coast fire portfolio growth,EUR,,,,,,,,,,,,,,,,,,,,,,,,
coast fire retirement income,EUR,,,,,,,,,,,,,,,,,,,,,,,,
coast fire retirement planning,EUR,,,,,,,,,,,,,,,,,,,,,,,,
coast fire roadmap,EUR,,,,,,,,,,,,,,,,,,,,,,,,
coast fire savings calculator,EUR,,,,,,,,,,,,,,,,,,,,,,,,
coast fire savings goals,EUR,,,,,,,,,,,,,,,,,,,,,,,,
coast fire simple living,EUR,,,,,,,,,,,,,,,,,,,,,,,,
coast fire wealth building,EUR,,,,,,,,,,,,,,,,,,,,,,,,
financial ledger accounting,EUR,,,,,,,,,,,,,,,,,,,,,,,,
financial ledger accounting sheet,EUR,,,,,,,,,,,,,,,,,,,,,,,,
financial ledger annual budget,EUR,,,,,,,,,,,,,,,,,,,,,,,,
financial ledger bookkeeping,EUR,,,,,,,,,,,,,,,,,,,,,,,,
financial ledger bookkeeping template,EUR,,,,,,,,,,,,,,,,,,,,,,,,
financial ledger budget tracker,EUR,,,,,,,,,,,,,,,,,,,,,,,,
financial ledger budgeting spreadsheet,EUR,,,,,,,,,,,,,,,,,,,,,,,,
financial ledger budgeting tool,EUR,,,,,,,,,,,,,,,,,,,,,,,,
financial ledger cash flow tracker,EUR,,,,,,,,,,,,,,,,,,,,,,,,
financial ledger dashboard,EUR,,,,,,,,,,,,,,,,,,,,,,,,
financial ledger digital planner,EUR,,,,,,,,,,,,,,,,,,,,,,,,
financial ledger expense tracker,EUR,,,,,,,,,,,,,,,,,,,,,,,,
financial ledger finance journal,EUR,,,,,,,,,,,,,,,,,,,,,,,,
financial ledger finance management,EUR,,,,,,,,,,,,,,,,,,,,,,,,
financial ledger finance spreadsheet,EUR,,,,,,,,,,,,,,,,,,,,,,,,
financial ledger finance tracker,EUR,,,,,,,,,,,,,,,,,,,,,,,,
financial ledger financial organization,EUR,,,,,,,,,,,,,,,,,,,,,,,,
financial ledger financial planner,EUR,,,,,,,,,,,,,,,,,,,,,,,,
financial ledger household budget,EUR,,,,,,,,,,,,,,,,,,,,,,,,
financial ledger income tracker,EUR,,,,,,,,,,,,,,,,,,,,,,,,
financial ledger minimalist finance,EUR,,,,,,,,,,,,,,,,,,,,,,,,
financial ledger money management,EUR,,,,,,,,,,,,,,,,,,,,,,,,
financial ledger money tracker,EUR,,,,,,,,,,,,,,,,,,,,,,,,
financial ledger monthly budget,EUR,,,,,,,,,,,,,,,,,,,,,,,,
financial ledger net worth tracker,EUR,,,,,,,,,,,,,,,,,,,,,,,,
financial ledger online,EUR,,,,,,,,,,,,,,,,,,,,,,,,
financial ledger online tool,EUR,,,,,,,,,,,,,,,,,,,,,,,,
financial ledger personal accounting,EUR,,,,,,,,,,,,,,,,,,,,,,,,
financial ledger personal finance,EUR,,,,,,,,,,,,,,,,,,,,,,,,
financial ledger planner,EUR,,,,,,,,,,,,,,,,,,,,,,,,
financial ledger savings tracker,EUR,,,,,,,,,,,,,,,,,,,,,,,,
financial ledger simple accounting,EUR,,,,,,,,,,,,,,,,,,,,,,,,
financial ledger small business accounting,EUR,,,,,,,,,,,,,,,,,,,,,,,,
financial ledger spending tracker,EUR,,,,,,,,,,,,,,,,,,,,,,,,
financial ledger spreadsheet,EUR,,,,,,,,,,,,,,,,,,,,,,,,
financial ledger tracker,EUR,,,,,,,,,,,,,,,,,,,,,,,,
financial ledger transaction tracker,EUR,,,,,,,,,,,,,,,,,,,,,,,,
financial ledger wealth tracker,EUR,,,,,,,,,,,,,,,,,,,,,,,,
fire cash flow,EUR,,,,,,,,,,,,,,,,,,,,,,,,
fire expense tracker,EUR,,,,,,,,,,,,,,,,,,,,,,,,
fire future value calculator,EUR,,,,,,,,,,,,,,,,,,,,,,,,
fire investment growth,EUR,,,,,,,,,,,,,,,,,,,,,,,,
fire money goals,EUR,,,,,,,,,,,,,,,,,,,,,,,,
fire monthly expenses,EUR,,,,,,,,,,,,,,,,,,,,,,,,
fire online tool,EUR,,,,,,,,,,,,,,,,,,,,,,,,
fire passive income calculator,EUR,,,,,,,,,,,,,,,,,,,,,,,,
fire passive income planning,EUR,,,,,,,,,,,,,,,,,,,,,,,,
fire planning tool,EUR,,,,,,,,,,,,,,,,,,,,,,,,
fire portfolio planner,EUR,,,,,,,,,,,,,,,,,,,,,,,,
fire retirement income,EUR,,,,,,,,,,,,,,,,,,,,,,,,
fire savings goals,EUR,,,,,,,,,,,,,,,,,,,,,,,,
fire savings tracker,EUR,,,,,,,,,,,,,,,,,,,,,,,,
fire side hustle income,EUR,,,,,,,,,,,,,,,,,,,,,,,,
fire simple living,EUR,,,,,,,,,,,,,,,,,,,,,,,,
fire wealth planner,EUR,,,,,,,,,,,,,,,,,,,,,,,,
flamingo fire budget planner,EUR,,,,,,,,,,,,,,,,,,,,,,,,
flamingo fire calculator free,EUR,,,,,,,,,,,,,,,,,,,,,,,,
flamingo fire expense tracking,EUR,,,,,,,,,,,,,,,,,,,,,,,,
flamingo fire financial freedom,EUR,,,,,,,,,,,,,,,,,,,,,,,,
flamingo fire financial goals,EUR,,,,,,,,,,,,,,,,,,,,,,,,
flamingo fire financial independence,EUR,,,,,,,,,,,,,,,,,,,,,,,,
flamingo fire financial planning,EUR,,,,,,,,,,,,,,,,,,,,,,,,
flamingo fire frugal living,EUR,,,,,,,,,,,,,,,,,,,,,,,,
flamingo fire future value,EUR,,,,,,,,,,,,,,,,,,,,,,,,
flamingo fire investing,EUR,,,,,,,,,,,,,,,,,,,,,,,,
flamingo fire investment calculator,EUR,,,,,,,,,,,,,,,,,,,,,,,,
flamingo fire investment growth,EUR,,,,,,,,,,,,,,,,,,,,,,,,
flamingo fire lifestyle,EUR,,,,,,,,,,,,,,,,,,,,,,,,
flamingo fire money goals,EUR,,,,,,,,,,,,,,,,,,,,,,,,
flamingo fire monthly expenses,EUR,,,,,,,,,,,,,,,,,,,,,,,,
flamingo fire net worth planning,EUR,,,,,,,,,,,,,,,,,,,,,,,,
flamingo fire online calculator,EUR,,,,,,,,,,,,,,,,,,,,,,,,
flamingo fire passive income,EUR,,,,,,,,,,,,,,,,,,,,,,,,
flamingo fire personal finance,EUR,,,,,,,,,,,,,,,,,,,,,,,,
flamingo fire planning tool,EUR,,,,,,,,,,,,,,,,,,,,,,,,
flamingo fire portfolio planning,EUR,,,,,,,,,,,,,,,,,,,,,,,,
flamingo fire retirement calculator,EUR,,,,,,,,,,,,,,,,,,,,,,,,
flamingo fire retirement income,EUR,,,,,,,,,,,,,,,,,,,,,,,,
flamingo fire retirement planning,EUR,,,,,,,,,,,,,,,,,,,,,,,,
flamingo fire roadmap,EUR,,,,,,,,,,,,,,,,,,,,,,,,
flamingo fire savings calculator,EUR,,,,,,,,,,,,,,,,,,,,,,,,
flamingo fire wealth building,EUR,,,,,,,,,,,,,,,,,,,,,,,,
flamingo fire work optional,EUR,,,,,,,,,,,,,,,,,,,,,,,,
retirement investment withdrawals,EUR,,,,,,,,,,,,,,,,,,,,,,,,
retirement nest egg planning,EUR,,,,,,,,,,,,,,,,,,,,,,,,
retirement portfolio income,EUR,,,,,,,,,,,,,,,,,,,,,,,,
retirement portfolio withdrawals,EUR,,,,,,,,,,,,,,,,,,,,,,,,
retirement withdrawal estimator,EUR,,,,,,,,,,,,,,,,,,,,,,,,
retirement withdrawal forecast,EUR,,,,,,,,,,,,,,,,,,,,,,,,
retirement withdrawal planning,EUR,,,,,,,,,,,,,,,,,,,,,,,,
retirement withdrawal simulation,EUR,,,,,,,,,,,,,,,,,,,,,,,,
retirement withdrawal tool,EUR,,,,,,,,,,,,,,,,,,,,,,,,
safe withdrawal strategy,EUR,,,,,,,,,,,,,,,,,,,,,,,,